channel,followers
degen,41799
base,126678
lp,15734
zora,17593
farcastles,12285
perl,17581
replyguys,11530
design,51735
farcasther,7719
ventures,5024
farcaster,105485
japanese,1713
ticker,10652
art,5176
drakula,4115
f4f,5075
memes,119512
paidgroup,5718
wearesoearly,16134
frames,41067
higher,9893
crypto-paradise,735
warpcast,13652
dev,6490
cryptoart,3152
alphathailand,1581
food,23830
photography,2403
ogs,10290
imagine-infra,6595
founders,71388
ethereum,97714
cheesecoin,6459
gifart,1362
kudasaijp,1298
itookaphoto,668
airdrop4u,313
bros,3113
gen-art,3151
degenfers,6092
kimchi,1401
farc,3439
lifeisgood,3091
rainbow,10533
farcon,8014
degenthailand,826
nouns,56735
spirituality,697
fitness,31498
airdropfind,7579
imagine,9487
solana,10409
degen-art,372
mfers,5931
dog,5793
sendit,1873
onchaincoin,7410
gm,1515
zitherin,2894
ai-art,2635
frontend,45871
sketches,384
product,3155
welcome,3044
enjoy,8781
bracket,15348
music,4304
cryptohub,394
illustrations,262
83xdao,629
bitcoin,3102
spanish,515
farlaunch,8358
no-channel,1770
members-only,3762
geometric,326
testchannel,3647
pizza-verse,2807
am,6861
exchgart,512
pets,183
six,3500
cryptogirls,581
flora,290
objkt,519
berd,1832
caster,13342
airdrop,5035
ai,7991
conspiracy-point,4573
donothing,3060
bestplaces,180
farbase,13977
books,15939
behindthescenes,1570
seaport,4797
hananetwork,645
travel,4676
gloomtoken,2383
hyperloot,933
odegen,4098
spam,1188
coffee,1380
tezos,1005
parenting,1852
coop,5416
consumercrypto,3311
ymca,422
milei,1371
monad,2732
nature,852
toshi,2235
koreancast,278
1337,3859
crypto,1572
diet,40
wedoalittle,1178
wanderlust,229
followthailand,635
yellow,6831
cats,902
gaming,11157
new-york,28030
groupies,1264
moviefortonight,253
optimism,1912
747air,368
southcastle,612
bnw,132
lotto,4744
gmers,697
booster,503
northern-army,469
fabric,7610
zk,83030
bounties,3845
july,5665
frames-devs,3875
ornamental,896
animeoutcasts,1753
confessions,3316
geopolitics,3459
party,8363
ethglobal,5018
degenladies,3042
vaas,946
Football,2864
bbb,6972
yoink,2613
farcastonks,997
otakulabs,408
degentlemen,4080
fc-devs,3869
vietnamese,757
running,419
dogs,977
deg,723
vip,3180
normie,644
op-stack,22468
nft,1699
screens,4540
someone-build,1262
defi,1516
toady,2745
trippy,1150
jobs,7009
cosmos,1706
ted,9378
foundation,523
topcast,291
fartone,1723
cheese,414
layer3,5464
followme,874
chicken,2653
nouns-animators,3511
nightcrawlers,78
data,2782
tabletop,30965
space,2715
blob,1398
harecrypta,139
manga-anime,1915
base-god,2254
polishmafia,308
artworks,128
coom,1810
cropxyz,932
streetphotos,390
poap,673
typography,254
bloob,407
casualcast,372
portrait,48
thecryptomasks,92
ordinals,1745
adivinadrone,1217
berachain,993
frames-degen,3465
jamfrens,4294
fashion,1018
shitcoin,3597
purple,6671
matcha,2669
coinbase,2331
shower-thoughts,918
japan,441
bad-takes,829
opepen,3546
vortex,717
finance,2388
neynar,4725
sevendao,34
deca,434
thesimpsons,1116
cameron,5122
cryptoplaza,291
shot-on-iphone,26
dildo,478
eggmog,1271
newtroarts,91
lower,2765
memesby6529,303
co,191
reflinks,1103
morpheus,1896
nocontextmemes,637
gmfarcaster,2882
coop-recs,8909
paragraph,2619
edison,1415
faristocats,1497
xcopy,3188
frame-token,10272
supercast,4155
light,6878
words,935
basepaint,6142
farcats,1847
airdrop-korea,308
cars,288
abandoned,59
poetry,367
moire,193
earnwithnectar,1744
riku,1435
evm,23614
gratitude,604
korean,505
nounsfarcaster,573
farworld,2186
catsbeingweird,107
zksync,958
superrare,517
coinbasewallet,2942
farquest,2644
los-angeles,1414
outcasts,5402
dropframe,5330
raidguild,2348
pixelart,650
history,4897
bar,39
ens,2037
gymlife,121
frogfm,1037
memes-onchain,494
tocd,1018
cabin,1508
creators,1054
gnars,558
manifold,1036
politics,540
wellness,844
podcasts,3604
hottakes,809
star,1288
openventures,512
quilibrium,5191
watches,257
skininthegame,8945
hottopic,122
anime-manga,87
arrakis,305
paris,620
starknet,1228
philosophy,1978
bps,430
skrumpey,172
trading,1003
topframes,780
fxhash,661
collector-walls,2005
london,566
apple,5072
fantasyisland,2392
doginme,1315
daos,625
techarchive,1457
kaloh,4380
whereswojak,99
darkfarms,315
airdropsultan,1466
sf,1445
bankless,860
sexy,4569
howdy,56
in,2137
chinese,387
degenprice,881
snow,876
npcs,444
djs,1295
soundxyz,3687
electronic,4347
gallery,1846
vision,3262
interface,879
onchain-dinos,1864
zerion,1818
meme,363
quotes,875
arbitrum,651
tennis,212
mountains,156
fc-goats,434
bullposting,395
boysclub,933
scroll,1993
shakti,19
farcastermaxi,4188
nba,746
life,182
beer,267
onrekt,128
gn,102
design-everydays,3470
degenfans,1461
linea,807
metamask,1532
dinos,259
memecoins,339
unlonely,3256
3d,757
follow,406
beans,10987
strawberry,74
debank,319
nude-art,118
ga,3150
girlypop,80
medicine,74
gardening,455
based-art,660
furrcasters,41
drinks,95
member,866
ghouls,1083
riddles,12
daimo,307
fack,2012
longevity,1675
pinata,355
eigenlayer,1210
mocaverse,1860
wildlife-photos,120
rektt,460
dont-do-this,3929
pokemon,275
memecon,123
gen-x,91
highlight,508
bright-moments,1164
10k,416
farpool,48
bicycling,282
based,281
concept-photo,84
engineering,1637
feelings,30
sakura,483
golf,286
framedl,73
sop,5223
pool-together,507
degen-steaks,505
degenfox,22
based-management,1353
cute-animals,28
we-are-so-back,5692
commerce,4610
college-bb,78
gasgangthaifc,244
nerdery,474
now,25
degendao,2783
eff-acc,1872
cocreated,669
followfriday,1400
gloom,1611
farmcaster,1463
crypto-geek,657
lowcap-x100,287
bee,806
vandelay,402
f1,4853
follow-back,249
mode,1158
science,1426
economics,844
usa,24
rounds,316
uniswap,1038
stabler,6796
artacc,98
classical,3829
collage-art,86
law-policy,348
claimcaster,5352
valdeandemagico,41
obscura,82
opentickets,131
milady,1027
hot-beverages,870
happy-birthday,82
bold,1890
azuki,465
onchain-gaming,983
blast-l2,368
metaliminal,34
blood,55
minimalism,117
lunch,57
builder,1794
castercats,987
film-photography,98
priyanka,272
cpg,39
rwa,767
growth,1109
onchainletters,1561
chicago,206
cryptoleft,357
recommendations,1362
police,791
tip,1934
punk,1251
crypto-news,679
ccc,211
ethdenver,2814
nook,1245
humankind,75
receipts,1112
ponder,853
dylan,50
streak,40
airdroplist,619
noggles,164
glitch,448
streetart,27
thedailygwei,1426
glitch-art,283
midjourney,1399
ga-crypto,294
pawthereum,222
ama,2522
video,1418
roses,39
hate,28
nfl,4112
cryptoadz,225
lisbon,229
rarible,741
zinger,178
haiku,119
venturecapital,3114
farcasthim,1139
boston,141
noundry,33
samantha,4573
christianity,195
arcs,4829
hpgybtc,205
soundscapes,182
adhd,348
delulu,72
justinahn,253
plotter-art,213
animation,329
the-glyph,846
cc0,1448
celestia,522
ccarella,257
ethereum-aa,1086
visual-poetry,37
koda,103
cnz,2239
costco,424
2,600
banny,191
drachetech11,10
zapper,1123
reneecampbell,280
bome,89
bash,12235
studio2,346
thankyoudan,1147
drip-haus,97
polygon,447
goodgame,1175
writers,602
imgnai,28
pizza,410
boost,8168
cryptopunks,1066
muse,797
salon0xen,2266
philanthropy,55
trains,1031
anky,347
network-states,4716
ideacorp,1109
onchainart,915
eth-staker,1578
austin,498
web3gaming,336
art-photography,17
automod,600
movies,140
moneypipe,389
wearesosorry,247
lost-pixel-city,131
nounish,3089
houseofdegen,3628
ethxy,4705
wake,477
daylight,3638
blackbird,333
nat,98
degenadtip,100
diet-coke,433
creators-support,38
manysuchcases,586
kiwi-news,2136
artblocks,660
privy,413
bingbong,43
coolanimals,90
futurecraft,102
rare,549
titles,312
naturephotos,126
infosec,441
topmemes,55
architecture,228
fomo,604
onthebrink,412
42069,146
meirl,149
protocols,1074
icebreaker,2693
event-pass,3201
crypto-charts,230
bookends,68
artonly,207
framemadness,219
yakult1000,46
parallel,208
jeeves,2513
mbranson,149
bangpateng,1022
abstract,194
surfing,349
base-hunt,6719
comic-sans,4357
embeddedwallets,2571
brianwifhat,96
channeling,42
gtm-caster,4428
tweaks,46
sudoswap,472
community,330
anime,127
user-steen,133
turkish,290
brianjckim,940
mycology,24
degensxregens,4378
seattle,121
backend,6041
seneca,431
astrophotography,37
safe,228
world,105
scam,45
masstransfer,683
learningheroes,28
mememarket,288
nounsfactory,20
shark-degenhub,191
berrylab,70
opacity,26
math,62
shillr,181
eth,263
home,398810
open-ticketing,19
serendipity,1342
earth,43
incitemill,8
lolsorrydwr,444
outcasters,2060
stickers,12
onchain,175
cinema-stills,154
zora-devs,7506
aesthetic,264
chess,687
nixos,52
ocean,24
faust,1133
thenounsquare,42
ethrd,582
ethos,845
potato,22
yup,952
launchcaster,9946
castersocial,2635
bookies,1636
degen-x,103
america,174
predictionmkts,245
degens,477
advantage-hub,24
zach,731
botto,236
punkism,239
men,148
tomato,69
poidh,189
indonesia,1439
houseplants,47
bnfarcaster,103
onchainmedia,199
warpru,294
moz,2804
avc,1778
6529complaints,199
cabin-city,878
trade,31
swaye,257
cybersecurity,98
digital-art,518
curation,30
regulars,76
purp,180
gokhan,124
charts,168
ewclairdrops,660
pods,624
shefi,224
wowow,1051
dnd,49
thoughts,23
doodles,285
frameboard,226
christopher,87
ooo000ooohs,37
popcorn,176
crabs,26
arweave,135
j4ck,136
robotics,631
banano,1458
ghostcasters,55
farcasters,508
therapy,162
israel,177
degenpeople,13
femotion,18
airstack,307
invaders,56
auditgames,46
social,480
lens,181
phish,45
cabals,48
pepe,65
collections,89
realestate,298
nouns-esports,140
apropos,16
videomusic,85
canada,499
eulerlagrange,26
evmavericks,298
entropybender,75
brand3,694
aiart,49
calm,57
tokyo,183
ethfinance,813
artofliving,40
btc,138
gratefuldead,35
poolfish,921
reading-list,738
writing,109
eas,466
retrodao,239
manansh,85
zeroweight,23
psychedelics,686
staratlas,15
cent,24
points,1025
rememes,21
epep,828
bolide,101
bwenbwencoin,31
outposts,25
bitcoinpuppets,399
crystals,74
blog,8
guitar,114
twopills,56
ittybits,132
dune,782
danky-gifs,12
fingerprints,2512
giveaways,210
yungwknd,74
checks,1334
urbanism,142
thailand,52
vuelapelucas,12
ufo,1075
nounimals,27
hi-fid-club,223
juicebox,129
zp,310
marijuana-family,2598
hackathons,42
soul,178
mcatfam,1172
morning,5
unitedkingdom,47
market,223
crypto-the-game,1174
news,1048
random,361
breakfastclub,9
narisofka,27
grey,78
onchain-music,601
filter8,55
milo,42
eli5,1252
seemore,153
studio19,19
taipei,52
eth-security,741
farhack,1567
aapi,114
cookies,1014
dyl,268
doge,80
sol,479
web3punks,18
blobs,143
wine,309
trash,224
tesla,65
compusophy,95
seafood,17
essays,733
metal,1140
loading-v2,80
ireland,15
poison-ivy,61
ucz,54
thereisnoticker,28
newhodler,8
speedtracer,1124
dosomething,86
fackblock,176
bearbits,39
rish,675
thewipmeetup,52
airdrops,964
character,5
fbi,299
lazy,59
pixel-banners,134
sdv,193
localfood,7
zaibs,127
mochi,435
casterschool,2785
01,50
supermarket,61
mindcasts,242
lifehacks,52
soundtracks,9
vote,39
creddd,58
realmadrid,24
crystalspaceshp,113
asemic,49
tea,110
aaron,19
nostalgia,154
archetype,16
drama,111
abide,17
btceco,197
rocketpool,298
e-beggar,261
puzzles,155
mall,838
nfts2me,540
theburrow,664
followtrainth,773
feesh,33
technouns,54
artist,145
green-pill,240
italy,257
trendsmarket,156
musicproduction,135
melissa-spam,10
jtgi,85
clubted,707
artcaster,652
casts,72
lil-nouns,305
fardao,1441
maurelian,193
animals,16
solcaster,651
lostfounder,107
buttrfly,16
haberdash-vote,182
freedom-f4f,90
sardines,439
seedclub,4219
haberdash-props,68
fries,103
trees,252
onchain-tools,584
kramer,186
foodies,36
mirror,341
france,176
jump,158
all-in,230
flowers,9
grin,297
courtyard,56
chiikawa,37
ham,14
brynnalise,25
portraits,28
cal,49
gm8xx8,74
alex,86
latam,98
goodvibes,18
dogwifhat,90
remixcult,175
interiordesign,232
buildinpublic,207
work,37
taiko,635
fluidkey,387
mac,151
over,49
palmera,24
degenangels,1313
churning,228
farmarket,1583
stories,492
plants,114
frog,103
car,3
bytexplorers,462
statistics,20
recipes,152
dadcaster,157
wordle,95
xuedao,13
records,23
adult,724
depin,451
chatgpt,945
gitcoin,631
rari,1099
puns,221
farapps,1183
openfinance,293
drunk,9
digitalart,11
singapore,302
vaporwave,26
sopranos,27
burrito,256
theartofliving,7
hai,22
ux,433
hicetnunc,20
decentralisedco,890
middle-mgmt,105
artmockups,34
cricket,191
christin,174
url-irl,10
sharkdao,1187
rgb,177
namlong,453
thomas,60
mobile,884
music-tech,223
ayb,596
degencast,234
salon,14
cryptoversal,109
dragonball,51
le-random,523
lotr,720
arthur,25
remilio,171
badbeats,24
memesworld,12
korea,159
ouliposting,1140
metis,26
polkadot,173
cypherpunk,131
marketing,222
anthropology,16
switzerland,80
devops,79
fuel,474
gidwell,14
hot-takes,16
empress-trash,4
devsupport,27
views,9
thebuilders,29
aburra,232
vinyl,38
web3,186
monty-python,14
koreadegen,28
jihad,120
jazz,68
channel,798
fapps,28
metaversal,47
cryptography,601
radbro,75
style,378
dywtfs,288
asdf,73
predictions,935
jakverse,274
tjo,143
rap-fr,45
fantom,17
bts,8
infra,156
solana-nfts,260
tips,664
basednouns,192
secondrealm,17
free,557
indexed,68
mlb,147
sliceinthecity,69
x,277
colorado,12
millennials,97
monique,634
vip3,1719
floc,92
morepoints,33
web3marketing,122
urbanexploration,9
charmverse,115
espanol,72
web2web3,958
notdevin,37
privacy,296
sus,705
alfalfapod,39
readwriteown,421
webtree,100
shadows,99
liminal-spaces,50
neighborhoods,334
crocs,9
poop,422
rap,78
ramen,56
mog,66
consumer-apps,239
metaverse,232
bae,177
wufs,1352
sounders,20
reputation,26
fart,3054
web3domains,66
setter,2137
sandiego,75
stoicism,193
workinprogress,64
pin,182
smash,19
artistprogram,45
pimlico,62
w3runn3rs,113
devrel,320
artfocused,7
neurocolor,138
trends-korea,39
digitalidentity,299
tinfun,616
vrbs,64
sandwiches,12
hype,61
africa,104
420,175
extracurriculars,68
aptos,46
injective,35
blimps,191
nouns-hope,2
sunny,64
catwalk,23
tokens,467
whiskey,140
fundraising,211
memesoutside,12
isoverse,22
latinmusic,39
onframe-gaming,530
leftys,7
woodenboats,95
mint,73
mintdotfun,318
pachepunch,86
deform,75
autism,164
folklore,149
olympus,35
trust,2
telepet,48
wildlife,60
emo,148
art-history,41
pnw,14
lilnouns,20
missedopps,7
9dcc,1059
aaina,53
ensfeed,47
cookin,490
wdygdtw,753
colinks-and-co,34
ledgerofficial,15
fractalvisions,28
aliens,490
cranny,30
mixed-media-art,57
banklessdao,501
onceupon,585
sunshine,32
chones,52
lilnounsdao,10
reth,1940
banana,19
crew,683
nounscodingclub,131
crypto-squeezes,8
faithonbase,6
fumblingdaily,15
seanmundy,13
tmp,20
wethemniggas,17
warpcat,32
domains,257
lifestyle,102
flex,74
homelabs,391
netherlands,34
tradle,203
inside,5
goldchain,108
hubs,779
farcast,44
emerald,65
punkrock,9
visioncasts,985
link3,15
ponzi,743
mantej,20
cult,223
relationships,237
catan,3
russia,35
motivational,20
limitless,49
uev,184
alok,270
fractal,10
what2ubereatsrn,9
web3magic,30
jigsawfam,42
degen-sports,168
skol,36
restingpoint,19
metal-build,26
vv,2343
all,14
astrology,16
education,83
farcaster-ai,57
camping,21
contemporary-art,75
hardware,47
syndicate,206
frenpet,155
faith,17
symbiotic,33
nintendo,13
cycling,29
visionaries,151
onlyfeet,26
alexmack,6
jokes,40
programming,63
exhibitions,40
stablecoins,150
skateboarding,515
filmatree,43
backpack,79
smart,83
neuroscience,68
seasons,8
bouldering,13
pizzadao,37
bitso,50
aquariums,6
loyalty,598
viem,493
0xproject,21
gecko,28
hydrate,54
35mm,22
teznouns,150
hereandnow,113
atrium,2271
prague,16
fellas,14
friendtech,60
cast,156
bayc,267
ripe,386
concept-testing,1150
3d40k,11
art-school,7
zeta,22
vr,54
introvert,10
wales,8
matthew,13
nailed-it,7
tian,12
cc0films,5
pareidolia,24
based-brett,68
mls,15
accessibility-ux,26
aussie,211
poolshark,37
jeffjag,21
seam,399
joe,5
warpdrop,8
socialgraph,19
q-builders,6241
coinbasecommerce,46
moreon,39
programmista,27
religion,26
japanese-music,103
datadao,45
mwp,565
love,64
carter,12
hatsprotocol,32
doyougetityet,8
timelapse,30
decentralizedai,132
textmode,8
thegarden,6
healthcare,62
sushi,62
borodutch,117
indie,16
obits,64
amongbase,3042
index,37
nftnyc,76
dallas,8
creatress,24
womens-health,95
china,220
widgets,1323
amanda,8
llm,1215
covalent,23
bangers,117
snackcaster,74
grappling,136
ai-works,5
warpwatch,1
shibuya,379
dither,31
camp,14
replyguy,46
knicks,45
uniklabs,15
eu,61
fun,133
physicalutility,24
lab,1395
mem3,402
koreanfood,2
cybercats,184
musicians,66
thumbsup,37
nakamigos,115
firefly-garden,400
kieran,47
deadheads,46
converse,112
sobriety,135
lightning,32
algorand,78
dudes,22
tkzs,11
esports,54
orange-dao,1791
gnosisdao,164
gmonad,36
lgbt,163
san,3
jleague,15
reservoir,87
kitchen,29
gdc,22
synbio,82
custompunks,68
dekodemodoor,8
memecoinmania,57
bento-batch,2336
basedmedia,79
long-exposure,16
governance,136
0to1,1233
tt,7
expansionpunks,22
montreal,59
eco,42
undrgrnd,23
dragverse,16
japanesebuilders,113
moviesuggestions,6
mosaik,26
recess,36
skull-art,48
ipfs,335
recast,16
basedfellas,102
teslakorea,4
gnosispay,52
gremplin,146
pentacle,108
poker,131
binance,83
bitcoinstamps,34
talent,35
house,11
greecaster,202
maine,4
galaxybrain,23
harma,21
fillnshill,672
obsidian,751
socialfi,126
retrowave,30
fcbrah,353
it,27
dimo,110
avax,64
efan,64
gitpaid,5
film,337
wallets,72
tavern,25
scapes,337
journalism,61
pepecoin,13
tsundere,204
washingtondc,65
gif,46
value,7
steelers,22
renga,16
smoothly,7
web3research,455
conspiracy,251
proofof,40
channels,533
standup,175
comunidadesweb3,75
boats,9
poolsuite,18
patch-wallet,1519
warcaster,1138
nounsdeli,36
mixed-media-maxi,14
workspaces,721
theartof,15
dailydegen,34
papertoys,2
ohbaby,115
townhallfordegen,19
fancaster,162
fashionweb3,27
base-doge,16
pudgypenguins,583
curta,458
guess,143
aranet,205
culture,128
aerospace,2996
arteasydrop,15
hiphop,42
sui,187
readcast,610
piratewires,450
yephigh,24
pussyinbio,7
mixtape,30
painting,17
rappers,6
dota2,25
girlsclub,22
ag,38
gg,542
occulture,341
screenshots,10
ordinal-devs,163
dankmemes,112
memefund,11
pdx,35
sablier,39
gadgets,563
berlin,289
kismetcasa,98
allotment,11
meme-com,20
design-crit,727
miami,97
thuglife,4
no,3
thepark,128
bikepacking,9
grifters,376
thatguyintech,70
vvbs,52
wassies,204
retrofit,4
subwork,34
clickcast,41
songaday,42
chic,11
zenacademy,793
onchainsocial,99
cryptodickbutts,53
confluence,42
sportsbook,32
gifs-only,6
in-acc,306
surreal,107
growthmarketing,77
typeof,48
collectors,208
mathcastles,125
kmt,6
energy,538
gem,232
weather,8
holder,18
mindfulness,50
groundsdao,36
climbing,168
opensource,371
dogecoin,73
kamigotchi,75
angelswing,12
fartcaster,1016
snowboarding,31
citibike,14
dosa,21
maps,493
rsic,164
nftaotearoa,38
framed,14
dadjokes,33
climate,140
kpop,76
earningengine,142
risingtide,20
glass,430
conceptualart,109
nova,21
fpv,26
tiktok,11
arcade,252
proof,310
dogelonamission,56
skincare,273
thealanaproject,14
wenairdrop,1
boombox,3868
logos,6
blockhead,80
foundry,409
mayc,52
frameworks,103
sorare,22
mma,145
disney,32
cookicorner,2
hot-dogs,9
yeet,4
cryptobanking,75
max,37
rad,91
ascii,44
hope,1
negationgame,88
sappy,155
cryptoinsurance,29
grumpy-designer,5
rolex,5
pasta,37
commerce-frames,1541
transientlabs,33
rwx,6
handshake,49
carlos,20
naval,12
processing,16
postcards,47
empire,397
defi-research,810
mud,65
brennen,4
mindfulmosaic,10
basechads,59
b,33
frwc,127
cat,30
tsm,15
cat-of-the-day,10
migraine,18
soyboy,1
zen,5
dackie,88
magamemecoin,5
graham,22
farcrafters,20
scifi,17
spellcaster,4
hashes,2
beats,7
prosocial,4
swr,7
ab,16
research,15
jem,14
craft,114
herocast,75
war,87
interestedfyi,9
vogue,41
noir,40
joystream,4
og,27
terraforms,319
guild,68
lumino,8
n1-lab,6
shirt,4
frametrain,4
birds,66
british,31
innervisions,6
higherrrr,4
ai-music,30
pixels,67
westham,391
invisibilis,11
roganize,22
fetish,4
we-love-the-art,1348
avocado,12
basketball,72
oakland,10
oncyber,48
boxing,19
ultra-avant,11
sandclock,11
edm,52
earncaster,835
johann,2
claimdrop,169
back,40
overvsback,7
salty,18
freezer,4
creditguild,7
portfolio,18
basedai,28
countrymusic,40
grit,104
go,98
warpwifhat,9924
itysl,10
techno,105
brandon,2
reggae,9
aleph-zero,21
adidas,16
chinchillaverse,7
health,19
consumer,37
mech-kb,244
manchesterunited,6
onchainkit,142
storytelling,10
loveanime,27
shillyourself,5
last,45
omni-x,4
bittensor,393
personal-growth,43
aa,23
ponder-sh,52
devsdosomething,5
giveaway,23
motivation,203
walletconnect,196
hackathon,37
itap,8
speculation,34
crypto-politics,20
digital-health,231
cryptostocks,344
problem-solving,2
trump,20
pickleball,195
daily,2
drops,29
videos,704
fortnite,29
grid,125
india,120
mlrwa,4
the-graph,130
advocacy,147
colony,46
count,441
outside,177
recovery,5
story,46
non-aesthetic,9
whatmenwant,3
genuinejack,7
s,68
cryptotesters,328
flying,175
notion,165
rf,8
windycity-gm,7
fit,12
meats,6
gamedev,101
hackatao,48
television,2
flyfishing,26
edgecity,19
glow,47
tree,4
makerspace,215
arc,134
suctionx,5
sanjose,6
gnar,186
76ers,7
afraid-to-ask,199
zoz,837
discord,12
portugal,63
drawing,31
shishi,47
unicode,11
frameswap,103
magi,40
techcouture,27
illuvium,24
innerwork,26
100x,12
altcoin,14
airdropsalpha,96
mochimons,646
rajivpoc,9
3dns,40
poetic-web,53
afrofuturism,21
boge,54
cyschannel,7
mfergpt,244
chicagolife,5
sergey-tutoov,6
0lnetwork,15
guessthechart,11
nvidia,2
eudaimonia,8
chaos,9
shout,9
pickles,5
fml,6
reserve,36
ottp,41
selfcare,50
vacations,4
ve33,18
blockworks,324
scoop3,36
footballfounder,285
daytrading,53
nftart,213
adworld,272
quantum,22
aleo,234
motherhood,4
thght-ldr-shp,1
bnb,22
fintech,41
gmeow,13
lego,17
member15,5
spacemesh,11
bob,9
andy,129
test,2
ether,63
kriptopara,4
ggarrett,46
musicvideo,23
fcfeedbacks,13
twisted,2
pixl,32
jam,39
bbc,1
oku,5
aita,9
eacc,74
aaaaaaaaaaaahhhh,4
farventure,3
plant-based,32
tattoo-nfts,47
tokenomics,85
warriors,12
evav,2
tshirts,2
alpha-hunters,99
biohacking,70
futureverse,16
christian,8
onepiece,46
fingerprintsdao,16
nounsnews,7
pollenround,1235
sequence,27
publicgoods,124
german,163
credentials,19
nouncil,59
here,5
chiliz,2
thesandboxgame,49
hubscout,25
page,12
lighthouse0x,818
events,72
etherschool,110
erc404,755
keepgoing,17
hockey,181
accounts,41
jooktuleytoons,4
den,46
vexaeterna,5
early,32
momentomori,4
odetola,4
cryptosapiens,6
operator,98
thezoworld,40
koreannft,14
beverages,1415
foam,122
open,13
frens,425
alpha,390
datalounge,303
club,197
high,504
metalabel,56
policy,83
brettwifhat,595
cc0-lib,83
web3onfire,8
community-notes,273
generated,3
degentask,4
autonomousworlds,172
deai,57
rstlss,39
exprmntl,1898
foxes,138
livemint,35
decent-ai,63
decrypt,110
wasd,116
mintworld,197
framer,54
dynamic,103
teia,10
pins,6
bakers-cookie,1012
unbias,3
airdropalertaad,87
stakediva,44
saffron,5
jacob,1321
sportscaster,106
grumpycatonbase,1
iheartdomains,8
etc,18
click,11
taiwan,45
kevinoconnell,16
optimismfractal,8
harvard,7
urltoirl,2
farmorss,162
river,5
swell,15
developerdao,72
desci,197
brettsbase,277
internetmoney,5
sobased,73
onshelf,3
forsaken,75
thc,51
hiddengem,202
jeet,4
open-money,1
uplink,41
open-music,31
buidlguidl,44
castmedia,6
freemints,242
denver,32
shitpost,224
bells,57
fwb-fest,357
attestation,141
agents,39
peace,17
radicle,13
rust,12733
nothing,16
thegenradio,14
simplicity,6
python,156
animocabrands,1
melbourne,51
splits,41
cryptolegal,87
goldsky,24
nectar,2
natanetwork,8
degenmemes,12
dna,15
farmers,5
layerzero,91
dot,38
superfluid,53
digitalproduct,16
unlock-protocol,172
mintclub,138
bcard,41
nftirl,6
microcapdegens,1164
builderfi,102
beefy,13
etherorcs,198
nabla,2690
loop-crypto,14
dym,162
cdmx,54
duolingo,6
eic,12
something,86
digitalnomad,39
mun,10
fantasy-top,36
meditation,118
corgis,22
timepieces,48
glitchwestern,6
dogwithchips,6
spark,19
sourdough,182
neo,11
devcon,14
macro,22
truflation,7
clothing,2
hiring,120
todayilearned,55
beam,49
media-studies,54
refuel,3
lucid,7
infographics,27
phettaverse,9
soyboys,290
cs2,19
touchgrass,15
tekken,31
ordinals-alpha,267
workflow,24
degenalpha,16
aavegotchi,31
ukraine,80
catalog,53
stocks,32
dn404,17
padel,14
avalanche,126
lyra,3652
didyouknow,12
chatfukr,46
sxsw,17
animate,29
leap,8
new-here,39
shitcoins,91
ilovefc,107
fronkcartel,9
sei,166
sankotv,36
progress,2
doginals,32
brasil,82
bitcoiners,51
piratenation,3482
allifans,61
technology,42
variant,399
metaquest,9
rat,75
sleep,67
nashville,18
degensub,1242
finland,16
amsterdam,81
utah,14
fleek,11
bounty,6
plume,4
huff,98
wakegallery,111
builders,35
manlets,1215
hunting,2
build,2
butter,20
remix,116
highsignal,364
codeslaw,117
rachelstwood,22
catwifhat,52
pool,20
scaffold,5
carefree,6
woodwork,24
thirdweb,82
vaporware,59
gray,4187
reveel,9
latino,39
bogdangdex,47
interns,309
modular,44
comics,53
sci-fi,300
argentina,40
trash-art,93
urbit,207
aloha,5
texaseclipse,16
airdropsforfee,213
cards,5
bumblingboden,1
afrobeats,55
traviswyche,4
wearesoback,6
wholesomememes,2
foodporn,47
chipped-goods,22
guttercatgang,9
trivia,4
defi-france,63
ethmoji,41
frensly,207
mechanisms,37
hong-kong,40
briunc0muniti,19
spacex,11
basedblue,11
shelf,73
zuzalu,267
strategy,198
en-francais-svp,35
uranium,10
fairmint,71
talisman,13
fwb,125
wsj,7
arthistory,275
hyper,400
zorb,126
filecoin,32
hpos10i,59
web3women,26
jack,24
bunches,32
justdaoit,1
sneakers,75
uniswaphooks,30
wnx,3
podcats,12
everwave,32
hodl,132
yoga,58
gators,5
pcgaming,30
fishing,47
moonsama,230
texas,71
tapin,637
artcollectors,44
80s,44
verse,27
phi,280
picture,19
collab0x,15
decagon,28
chai,31
airdrop-games,92
holowave,3
investor,181
devs,8
bountyhunter,12
sup,136
gamefi,26
phantom,151
cbdc,4
lightdotso,7
redbullracing,2
web3citizens,3
krump,1
futarchy,99
shibainu,25
9,3
3,3
drip,3
towns,6
etherlink,68
cymru,2
lucid-dreaming,13
conduit,11
web3security,286
cocktails,10
housemusic,151
inspiration,38
moondao,23
funny-points,24
farm,45
dartmouth,13
basebird,4
tinypepes,97
unpopularopinion,50
duke,51
would,32
memeland,76
wevm,39
near,71
earth2,3
qilins-garden,8
techsauna,1
lava-network,52
fcradio,38
leftcurve,11
fentanyl,639
heaven,1
memecoin,79
dynamic-art,104
degenandchill,3
zielonomi,155
foresight,12
neon,26
tidexyz,67
spiritdao,19
rtfkt,28
xmtp,156
de,15
thellamas,30
cubs,7
money,59
solana-security,51
worm,273
tournament,151
naturalwines,1
dev-null,64
basedmemories,6
earndrop-airdrop,253
absurdia,7
atlanta,57
seltzer,27
solana-art,104
pharmacy,1
til,52
banklessacademy,36
adrop,11
objects,51
kiki,7
brock,10
pantry,2
youtube,25
manta,6
arkinvest,5
bitcoinlayers,38
baltimore,4
links,125
streamm,1
animarising,57
nyc,13
depatchedmode,4
blockchain,36
pg,27
its-so-over,45
basebreakfast,1
sqordinals,28
jolt,7
veterans,36
magic,52
farcs,19
snail,16
meebits,40
cristal,11
ht,4
analogheads,2
inscriptions,15
ky,1
dataviz,27
jew,5
cringe,21
refi,105
farming,288
mor,43
cartoons,18
daoism,15
palworld,33
desocpre,6
cis,20
nibiru,9
creative-tech,33
foodie,6
filmmaking,3
vera-molnar,4
teamasia,57
daobase,28
agotoronto,5
terra,59
dabl,16
investing,76
europe,74
goals,23
webdev,5
doomeddao,143
cardano,94
ordinalmaxibiz,86
gamer,8
solarpunk,11
latinx,15
orthocast,2
niftykit,14
hey,590
zeroloss,23
erc20,49
spatialcomputing,22
twitter,35
meow,201
cryptotrading,41
quamfy,3
playground,43
poland,235
trustincrypto,3
stack,120
candies,24
tradfi,40
platinum,7
coinonbase,165
sean,11
gta6,19
lisan-al-gaib,5
linux,75
rugradio,505
gamma,28
rcs,1451
0773h,10
socialgraphvc,118
taylorswift,105
specialtycoffee,5
lauryn-hill,39
vim,16
tattoos,24
risk,2
ethcolombia,19
ekubo,3
fid-punks,1146
deathos,5
fepe,70
cex,4
mintfirst,67
degen-trade,18
kernel,68
redacted,3
southpark,2
help,14
ludorank,1
land,8
lollypop,16
brussels,7
shoutouts,24
nft-fi,77
ngmi,41
ghost-town,1
pics,16
helium,78
4,96
frames-hackathon,934
skiing,32
cs,56
barbie,1
ai-tools,55
spain,5
boden,42
do,31
beauty,78
musicartists,18
forefront,196
superform,30
webgl,4
web3-data,20
fuck,90
onchain-events,6
nicenode,9
l2bark,10
beginner,2
fuckyou,363
wen,21
walking,33
airdrop-compiled,100
mufc,6
lisa,136
0xpass,38
homebrewing,2
games,80
delv,8
calls,4
intents,74
figma,84
ufc,50
meat,3
goodnews,17
soraaionbase,6
dev-beginners,122
vocdoni,21
pfp,19
tokepad,2
ibcnews,2
cryptomining,29
tlds,4
jenniekim,2
pune,32
espresso,12
bgan-punks,57
accelerate,2
matic,27
theframegame,401
cn-cartel,157
chia,30
betting,192
hank,29
casino,12
369,1
teams,32
pon,169
starbucks,15
bullish,16
detroit,5
cryptotaxau,24
prophouse,32
mememe,183
business,45
dubai,40
mumbai,42
toronto,109
blvkhvnd,132
impact,10
treasure,102
palacepath,4
d,4
dope,3
northofkoreacast,7
lecrypto,15
coys,6
loans,28
march-madness,5
dunevoxel,10
onchain-points,99
bird,13
ideas,73
liquidstaking,9
uwu,32
videogames,20
namespace,20
funny,27
emacs,12
0x,5
pepethefrog,38
graffiti,14
ethics,15
bookmark,44
hot,7
ethclients,71
unglish,47
ethismonkey,94
citydao,19
solfrens,848
harley-davidson,1
nsfw,12
1kx,3
musicnftarchive,56
lexdao,47
doc,15
ethcc,1568
kompete,8
superteam,128
why,11
seahawks,24
proposals,3
complaints,38
xxxx,5
kwenta,40
quran,1
snddniubi,18
bello,133
ci,2
stoic,55
capitalista,2
telegram,3
lsd,6
fpl,15
draingang,9
clusters,17
southeastasia,1
new-ars,1
cryptoeconomics,3
explainlikeim5,1
meso,1
station3-nyc,231
faucets,3
silly,5
theendlingsaga,26
duckycity,14
inu,2
aliveland,1
cars-boobs-guns,5
grateful,7
whitehat,8
kanpaipandas,14
fid,188
destinations,7
degentlewoman,313
nft-,50
ethberlin,56
warpcn,83
ny-devs,394
fhe,29
patriots,26
lido,48
rails,11
blrxzo,15
0xppl,11
skateboard,21
upword,18
squiggles,53
swag,6
voxel,26
beacons,8
agi,1
up,6
songs,1
fartroll,624
college-football,116
send,16
stability,1
usc,26
imagemakers,5
shortcuts,32
realmsworld,91
starwars,36
sigmastones,4
codeart,5
batz,1325
cttwl,9
brc420,35
omo-protocol,91
shoegaze,8
retro,7
nh,16
bitmap,55
farcaster-og,199
game,14
blue-collar,17
buybiz,162
degenerate,32
farpunk,471
seinetwork,21
security,106
yo,18
gmdao,87
han,47
internetart,458
brickville,14
celo,8
uxui,55
germany,33
cryptopolicy,60
vscode-solidity,4
ton-blockchain,42
nhl,3
showerthoughts,4
pulsechain,15
digitalassets,2
lynex,5
hoponclub,1
chainlink,190
kickboxing,2
podcast,6
proofofwork,94
artifacts,8
luckytrader,227
mavia,7
myshell,6
dedan,10
musicnft,80
miyamaker,20
devconnect,1413
bitchcoin,8
fiber-art,6
alwayssunny,17
daily-fantasy,66
praxis,76
investincrypto,14
bricks,3
multiversx,6
traders,43
surgicalspectrum,8
fargoat,80
bull,5
def,38
dematerialzd,34
alusta,9
gus,4
rewards,22
argy,30
vegan,68
guyu,444
management,45
moca,67
synths,71
predictionmarket,7
touch-grass,16
brits,7
silhouettes,30
degenerations,57
uglyart,14
pinball,14
teamom,1
marketinghacks,5
nftnow,399
ephemeris,13
maga,3
c,2
cto,4
compressionism,21
humanresources,5
intuition,10
bollywood,46
ayurveda,35
nrg,12
pudgy-penguins,226
xchain,3
6,114
asian-traits,1
fartcastersol,7
lore,14
psychedelic,38
coyg,68
geography,14
shopify,25
tcg,9
0,12
forage,25
duality,3
design-futures,44
taste,4
simp,9
nftperp,5
cyber,3
barrydyne,3
bnbchain,19
nymets,2
usdc,59
solidity,276
puzzlebets,13
california,3
humanities,3
tarheels,8
regen,187
anoles,1
risc-zero,30
clout,1
hungary,10
collectibles,15
lighthouse,66
esab,27
solcasters,1123
5,3
luxemark3t,6
theline,47
farcade,11
ygg,10
feels,5
excitedtoshare,1
testflight-club,65
gazers,29
regulation,6
pump,6
radio,19
flaneur,10
ridethebus,29
toolsfml,2757
voxels,11
formula1,11
chain-runners,23
tybasedemon,4
ilike,34
floatcoins,22
offmychest,1
dappstore,30
code,7
cocaine,14
baseball,21
mexico,48
polls,19
instodefi,1
bonsai,7
farcasterland,8
crypto-pinoys,20
testnet,37
rust-x-ethereum,912
workhub,3
bitcoin-ordinals,65
woofi,19
black,3
study,1
luo,25
uncertainty,7
developers,69
3dprinting,21
wip,133
7858,33
abstract-art,26
prowrestling,615
idiocracy,3
rabbithole,66
nosleep,1
nonprofit,2
karma,26
knowledgebase,182
thebutton,5873
donald-trump,4
lofi,9
shitcoindao,61
fargi,25
judaism,43
stonks,4
zyn,39
biohack,20
badge,46
llama,4
retropgf,222
avatar,5
noobs,1
loot,195
usv,38
veve,6
nftx,38
scott,9
rureview,1
rektconfessions,7
grindset,3
codellama,2
rehash,29
ingsoc,1
prop-house,483
rudxane,22
elon,9
fails,1
documentethereum,6
angel-users,4
fiids,379
8,7
superuser,2
paraswap,8
puppets,168
react,136
languages,120
cryptowives,26
zynwood,1348
airdrophunter,111
startup-cities,29
nostr,12
renzo,24
aviation,21
dragonstake,3
hunter-airdrops,13
tanefm,27
doy,20
baking,22
morphex,10
emergent,4
web3social,1
kengo,3
dacc,164
web3-gaming,188
antiques,2
penguins,1
laughingsquid,105
paranormal,917
ncframes,61
survivor,4
starknetdegen,400
siroco,11
forum,210
dmv,12
arsenal,2
iceberg,27
literature,204
7,1
zeitgeist,9
artshare,49
homes,4
chikn,10
ip,59
preseeds,4
eclipse,32
paradigm,84
hotel-gyms,270
hytopia,4
nfttrades,26
crypto-ai,420
dnb,13
browse,5
juegos,17
nbatopshot,6
airdropkazet,9
gang,43
invest-in-music,68
reggaeton,2
bitget,8
systemd,11
routinehub,13
away,5
antimeme,14
larvalads,51
fc-nft-sales,35
grapes,5
framecity,5
monero,24
lightpainting,30
thecircle,271
night,26
rarepepe,58
educational,15
steve,267
metastreet,22
restaking,58
morocco,1
flatmoney,5
immutable,7
startups,56
dreams,2
kujira,35
ass,4
zkhack,89
dating,46
cute,3
kiosk,3
playwildcard,806
parabol,93
hazey-arts,2
staging,2
catholicism,23
marketplace,284
icon,2
weed,32
mev,141
manifest,13
bitcoins,84
vc,128
ilove-vitalik,5
barcelona,15
yerbamate,5
t,4
niftyisland,62
tinder,6
discgolf,12
ludo,10
philippines,1
selflove,6
storyprotocol,24
saga,211
makerdao,10
darkwebdefense,7
unblock-crypto,129
legaladvice,2
farsight,11
solobuilders,5
sportscast,29
divine,3
npc,5
big-views,3
web3jobs,5
arcana,141
hatclub,1
earlyaccess,6
frame-ideas,147
align,93
productmarketing,25
stevejobs,16
seo,28
raremfers,45
tscl,1228
beamx,17
narratives,57
hotel,2
sauce,2
topia,2
onlyframes,14
murmur,422
hiking,44
basetama,16
magma,18
mferdickbutts,44
ravery,29
filipino,2
grvt,8
synthetix,101
fasting,4
joshuatree,2
dejitaru-tsuka,6
tool,12
ableton,16
web3-conferences,20
nessycoin,10
alottamoney,13
psychology,80
cipherechonomics,2
eagles,46
yankees,3
sora,9
zorablob,127
badkids,263
fatcats,4
futurist,62
polymarket,22
truecrime,4
abasho,6
swagg,798
analog,32
gmen,13
dydx,33
doggy,24
hiphop-quotes,3
dump,4
stacks,64
reflectiveai,51
snapshot,6
floripa,2
mindset,5
open-frames,159
airdrop1,46
traderjoes,5
curvefinance,19
bagel,6
liverpoolfc,11
annoyances,19
n3xtwave,10
aaaaaaaaaaaaaaa,10
yoyo,172
stables,42
petscii,2
superchain-hq,13
aoe2,17
nodefy,2
wormhole,94
rocketleague,20
mom,16
gamestop,11
buoy,4
zeitgeistmint,56
vyper,131
ui,1
hio,7
perfume,7
cpu-blood-lab,17
luxury-hotels,3
tech-support,17
crypto-bg,25
demokratia,2
typescript,16
crypto-cafe,8
cryptotax,113
midao,15
permissionless,125
forecaster,7
malaysia,26
web3intravel,4
love-on-leverage,926
tamamochi,68
alpha-airdrops,144
nootropics,40
cryptosoupgroup,29
sports,52
lyrics,12
fridai,5
nutrition,2
chipi,9
maxxing,10
nfsc,22
liquifi,9
farcoin,31
defido,3
megaweapon,32
rugby,115
nodemonkes,21
uma,15
stonerworld,1
blast-szn,67
manga,23
frax,51
cybertruck,10
coolcats,25
newjeans,42
runescape,67
trends,18
gas,264
kauai,7
grants,130
onbd,9
zksuccess,67
decentralised,69
persian,3
lilgents,378
flood,92
dc,3
notestoself,5
foss,3
wut,1
ct,9
slice,70
casino-royal,10
dex,33
win,3
school,5
bitsofjeremy,1
lindy,1133
bytebrian,41
weeb3,77
utopia,90
moshi,3
interactive-art,14
osmosis,45
darwinia,18
airswap,26
banklessmagyar,2
gong,406
usertesting,6
morning-joe,75
thekitchen,22
sukuri,1605
fidenza,7
nftuk,63
ferrari,15
framescollection,327
trollbox,6
fud,1
feminism,21
tacotuesdays,59
islam,15
chris,92
smile,6
cryptodads,26
degengrowth,44
bharat,16
pokemontcg,2
gmgn,10
capsule,35
photographer,14
hacking,41
ratlabs,4
reddit,17
blindgallery,39
copenhagen,7
ethscriptions,74
mage,1
rubik-hub,25
buildingblocks,123
desktoy,17
rugged,17
superbenefit,7
hotels,2
cryptorank,18
sad,3
subsquid,176
power,3
testnets,53
marvel,2
indexing,38
torrap404,1912
artsfighters,4
terminal,346
degenerative-art,11
garagesale,37
cowboys,25
chanel,8
worldcoin,28
bots,9
helldivers,32
realdonaldtrump,2
graphbuilders,44
messari,350
farcaster-gtm,139
crypterra,43
personae,57
insider,10
fcdc,11
campbuidl2024,23
3d-art,9
indypen-media,22
bch,7
coinmetrics,8
mushrooms,19
icebreakers,2
airdops,11
defidata,10
mario-kart,32
android,21
ibiza,3
1,13
tmvip-unofficial,1
creative,2
fun-fact,15
jordan,53
portals,7
apibara,12
indian,18
xen,18
iloveadvertising,6
votethirdparty,4
openai,14
fusion,20
basin,15
fully-onchain,6
composability,475
namedao,8
graphicdesign,25
yoyo-trades,23
cactus,18
shin,9
fcbarcelona,5
jiujitsu,6
kakarot,11
diy,19
xr,51
angel-investing,2
sober,22
void,5
nectargrowth,49
airdropsonly,86
samo,1
productivity,6
wearesolate,90
sagaxyz,15
news-crypto,40
agriculture,42
video-art,170
hawaii,12
moscow,1
vtubers,29
motorcycles,9
mystcl,114
bdweb3,24
corner-pocket,30
tayyab,7
cooking,23
humane-tech,12
game7,20
basic,20
ai-for-humans,30
alps,86
time,37
rain,17
rust-security,2
webhash,48
employment,10
far,9
euro-memes,4
whining,9
meme-template,9
guac,1931
defiwallet,2
catala,2
swiftui,31
queerart,40
noticast,9
eden,3
versatus,568
treasurehunt,33
octant,14
chocolate,59
nomads,385
300basedspartans,7
clonex,35
benign-asi,3
shiftleft,2
openux,76
javascript,11
scanography,74
warp-news,2
gum,1051
wikipedia,3
trump2024,14
fieldway,6
solana-shitcoin,130
copypasta,13
magiceden,253
framedegen,15
ec,70
demex,10
human-rights,1
dream,6
deciv,58
nyt-games,4
everysixmonths,1120
my3amclub,10
liquidity,2
ggquest,128
chippi,45
ajna,36
drc20,5
la,593
genz,6
shogun,1
cryptovc,39
argent,397
raid,4
satoshi,6
code4rena,10
burningman,31
gamers,16
structs,17
ethlizards,17
shardeum,56
girls,5
arca,6
icp,81
dailyhoroscope,8
foldspace,4
mysticism,27
plant-based-food,21
69,10
steelydan,4
eth-denver,150
kuusho-shouten,4
monsters,2
lsf,26
truth,20
basedbaby,14
blonding-curve,28
crypto-ideas,11
places,25
posters,10
nbcs,22
livepeer,36
trendingmints,10
frenreviews,20
faircastles,16
sideprojects,28
farcontalks,40
belgium,42
seoul,227
bostonceltics,24
oracles,7
promocaster,6
livemusic,30
nftparis,225
cryptoresearch,60
wishlist,2
yfarmx,11
dailygym,22
greentext,6
underground,192
gillesdc,48
sauna,42
technews,15
polski-degen,77
bengaluru,4
tarot,19
accounting,24
move,53
jesus,9
enneagram,23
boardgames,8
metrics,6
miladychain,36
farmonsters,39
cursed,10
web3events,5
nethereum,1
creepz,25
synthesis,48
brainmaze,138
hybrid-athlete,22
web-design,11
advice,1
dronewars,8
degenerates,45
one,34
media-hub,1
newchains,31
christmas-vibes,105
dtc,2
ibc,5
alloy,15
refinancing,2
perps-trading,12
itookapicture,2
haha,1
fren,5
drones,29
gold,6
investors,11
webn,1
charlie,3
1985,1
humane,1
producers,6
mintcast,508
ckt,97
yield,10
xmr,13
design-resources,28
law,27
passwords,4
derek,2
shiba,12
org,4
sex,34
consumer-crypto,71
aok,47
niven,1
kryptoinsider,3
hoodies,7
norm,13
personalfinance,17
gamified,3
museum,11
aotm,43
degen-dwarfs,13
sgbuidl,8
yayo,9
amaliaversaci,4
athletics,4
whoop,20
onchainbets,11
hodl-racing,2
bets,15
investor-ask,325
hypeshot,14
flounders,19
friendship,1
dads,4
auckland,4
naturalwine,4
geoguess,2
api3,4
ewo,2
do-it,1
reputation-ora,7
colts,2
trove,145
souls,4
w3pfashion,4
supa,77
ethcaster,108
jpgplace,18
hi,5
test123,12
infinigods,7
turkishart,14
hopscotch,1
anonymice,26
coinmarketcap,10
humanoid,1
screenwriting,15
waa,61
grow,8
sbc,344
buyandsell,9
marc,9
fiat,13
plebz,1
mason,2
apecoin,24
noteable,8
nomland,3
globalcrisis-irc,6
firefly,1
dropshipping,3
mixology,6
offline,8
openadsprotocol,5
groups,2
vgx,1
post-capitalism,8
degate,6
sanfrantokyo,2
gnosis,7
freename,3
kittens,4
mema,6
adam,5
spin,3
referral,2
sol-devs,21
hideout,94
cli,5
blues,8
sport,2
iphone,4
christmas,4
cubik,5
tribe,6
future-of-work,12
waynesworld,2
vscode,6
romania,13
cake,7
lc-test,4
mia,5
alexandria,8
goth,4
nolana,47
what,23
question,3
blockstories,52
bangladesh,2
token2049,11
deadshini,3
lilsickos,13
earn,18
slavikinvestor,113
cre,2
the-next-points,222
notional,6
umich,9
letsplay,2
ekho,25
newjersey,4
turkiye,1
classycontent,3
canvas,2
aaa,1
openinformation,9
parmyarmy,2
ordinal,75
raffle,121
art-on-display,14
runs,1
token,17
liqhtworks,23
pixelnunc,35
crypto-nomads,5
escolacripto,27
pre,1
skylab,136
theworm,3
objkts,52
hustlebig,4
visionbro,1
drosera,53
snapcaster,13
cn,2
menpo,6
tec,11
badnews,11
raiders,12
tyb,13
askscience,5
spottieland,3
joke,9
justin,3
modular-media,18
coins,6
cybernet,3
eips-ercs,1
roastme,1
pandora,49
encryptedchannel,2
hopium,6
usdebt,10
thecryptopit,1
toth,43
economy,6
alien-base,8
iota,16
farpass,9
roman-empire,91
tta,32
sequencer,8
dota,8
whales,1
flayer,3
nick,7
crossmint,13
getmein,7
minecraft,19
4chan-posts,2
investment-daos,21
lexline,15
yieldfarming,27
omakase,4
willie,11
shields,42
elonmusk,7
guns,14
iansintel,27
token-economics,8
nodeguardians,5
illuminati,34
kido,17
tepetl,3
adland,2
noobsteam,24
beatles,23
wagdie,40
thepurplejacket,7
josh,18
biology,6
tech,3
computerscience,3
crossword,15
film3,7
wendyfi,18
jeremyknows,2
goverland,9
frameboy,26
hedera,7
thought-makers,1
f,2
viet-nam-farcast,3
bags,18
alienfrens,8
based-derivative,8
memphis,3
fonk,12
phenomenon,19
traits,43
uvo,27
mu-bueno,2
nature-law,2
talldao,112
flockchain,32
banklesscard,61
tribune,17
product-hunt,7
vibe,4
shidpoast,2
programmableip,2
tangletribe,7
friendsofbillw,2
littleswagworld,80
dbkw,25
fanduel,1
0xfork,2
madrid,8
microblog,23
liquality-test-2,7
marathon,3
apeframework,27
happy,4
mbti,5
this,1
modularity,37
sportsbetting,5
wojak,5
tldr,2
framehub,17
thinking,18
parley,12
yearn,77
dn,4
400,34
quest,34
abacussy,2
quiz,2
magnetic,3
inkdao,21
smartagents,3
javelin,2
sunday,4
election,29
fida,1
eureka,4
robot,109
cincinnati,3
freeupdate,53
airbnb,6
contrarian,6
warpcasino,9
intmax,5
fishcoin,2
camh,3
vibes,10
tamu,3
nascar,4
toshipad,8
ai3,26
dojo,11
trenches,24
dotnet,1
hell,11
farchillect,3
aixcrypto,123
dopewars,7
blur,9
haunventures,10
mask,11
puppies,4
enscriptions,11
convergence,3
dev-jobs,25
sinkholes,3
hodlhq,26
perps,16
vm,54
fitpics,13
shenlong,3
blocto,15
spatial,5
puertorico,8
helldivers2,5
onchain-culture,4
flash,2
newsletter,3
lifting,24
valencia,2
capital,10
leagueoflegends,11
wagmigames,10
culinaryarts,5
rabble,11
genlayer,4
user-experience,24
j-e-t-s,10
favoriteframes,13
chip,2
shill,33
star-trek,9
awesome-investor,28
mod,1636
hotpot-dao,46
venture,31
ads,4
uponly,1
namada,2
bribe,10
ethspeakers,10
lasvegas,2
demo,8
seiza,1
mixes-playlists,100
adtech,11
graphprotocol,36
trauma,4
glif,7
warp-pilled,8
paint,9
twif,10
astronomy,7
womensclothing,1
humor,3
saga-bros,7
invite,4
sportstalk,7
artizen,16
brc42,1
keepgambling,2
foto-block,4
epoch-island,21
dith,5
newzealand,11
alpharelease,48
influencer,3
blueflow,4
ccs,28
artcast,29
incentivibe,4
chasm,2
cantofornia,31
ecommerce,9
daram-airdrop,11
cosmwasm,7
particle,4
iykyk,6
oval,15
ru,5
0xsun,375
alphapack,12
superbowl,9
warpzone,71
gingers,17
blastgame,2
tinynotes,179
drugs,3
bitsikka,3
crimea,5
hackintosh,1
otc,93
futures,7
best,2
cyto,118
shanghai,7
yoyogmo,3
proofofplay,31
google,4
garfieldbase,4
pixelmix,5
p,4
regov,11
fly,3
starlink,6
circle,3
minecraftmemes,4
legal,1
goblue,4
comedy,4
nudes,5
thewatch,3
creditcards,6
kongland,42
founder-house,27
vancouver,10
3dnft,25
writingprompts,3
iso,4
peru,16
inversebrah,14
outoftheloop,1
liquality-test-1,9
dbz6,2
newhere,16
jessesquats,5
production,5
hime,2
ipl,4
swissdlt,4
emy81,1
brc-20,12
the-refinery,5
reds,2
retrofutures,8
troves,17
secure-design,13
artdaily,38
tiles,318
nfa-bears,20
autoinsurance,3
moonshine,1
kitty,2
sys,15
kinko,16
mena,7
onit,8
pixelsaurus,8
equity,6
farcasting,15
delphi,13
media,11
ercs,3
turpentine,47
onchaintarzan,2
slander,17
degentraders,20
nicheferbpics,2
frameclaim,16
elpaso,12
gmi,3
photos,9
debox,8
wif,4
bank,14
patron,4
grant-ships,31
crocscatclub,147
glenshore,2
anon-ogs,2
sports-bettors,33
breaking,3
product-showcase,19
pork,20
cocacola,1
panthers,15
peloton,3
tbh,24
moxies,3
zetanite,20
spicy,111
hunt,9
aggregators,5
vesting,4
hypercatcher,14
tv-themes,4
cross-chain,41
techmore,27
404soda,6
serotonin,8
vespa,1
tron,3
first,6
cornerstone,1
sea,14
abc,3
framecaster,28
block-assassins,4
contemporaryart,4
chipped,61
entrepreneurship,9
dragon,3
dumpster,6
magyarul,1
commodities,2
braingames,30
gloombase,129
halifax,3
spice,3
rabby,33
colombia,19
testing,8
hosting,3
hook,3
inter,2
decentralized,5
common,7
us,2
bolsa,3
lottery,6
eric,10
vizigothix,2
c4,277
heroes,2
insurance,12
quests,13
eeeee,15
everyworld,7
sickprints,2
saas,13
ack,61
george-michael,2
incentives,55
ui-feedback,8
lasgna,9
lfgcapital,16
shoes,1
witness,18
pharo,3
erc-x,2
nftoshis,24
retards,13
newyorkcity,5
maplestoryu,4
giveth,3
biz,3
modular-maxis,5
boiz,28
infidelity,2
resonance,84
addigator,5
powerloom,44
farmerera,5
pkm,37
runestone,5
alphaflight,7
goated,5
ceo,23
teachers,6
shezmu,2
lildudes,6
davedao,11
fifa,25
cryptodata,19
onchainmyth,13
artfrogs,4
crypto-research,23
skool,1
showandtell,6
droitaubut,2
consensus,5
buidlboard,1
warp,13
web3tactics,3
nascar-usa,4
rarepepes,12
ethgamers,3
ghost,2
kevin,3
djbinky,9
raas,3
web4,5
wts,1
findapath,2
etherpets,1
Test,2
photo-art,30
lol,11
shibarium,7
yep,18
eth420,62
doorbell,2
chuanx2,2
lmao,16
j3w,13
at-the-club,1
cryptothememe,7
truefarcaster,307
rawmixes,8
veefriends,14
warpedu,65
ceramic,51
westseattle,2
emokids,6
bullrun,8
moderation,1
warped,17
heycast,24
maincharacters,170
innovationhub,2
zest,3
farts,227
yourmom,10
amazix,7
price,3
clinareese,16
entropy,36
allourdreams,3
intamacy,1
coindesk,60
chainlight,27
rune,45
unstateschool,1
mibera,6
cambria,12
iksy,4
orange,1
farmap,41
ai-filmmaking,37
shoot-your-shot,25
kendama,12
lolplanet,13
photo,24
boobs,11
aww,11
digitalmarketing,6
brc20,93
lync,5
freed-markets,53
nerds,11
content,10
49ers,28
artwork,37
realvision,6
yuga,7
normies,1
gmstudio,2
pak,7
nftnews,34
rams,13
sakuravibes,10
memecaster,10
framedrop,198
remintreality,17
superrarecurated,54
beach,12
f1news,7
justbricks,13
domainsforsale,2
cryptotaboo,8
cigar,6
wankless,34
analytics,74
bali,11
gradis,11
gigachads,1
warpradio,40
restaurants,3
mycel,6
maplestory,15
alliance,221
roast,34
rollup-ursleeves,1
digital,4
spotlight,60
historicnfts,12
friends,13
scotland,9
waifu,9
selfdevelopment,2
ipbuilders,15
concept,4
noods,6
notable,12
instagram,1
godot,22
ct-warlords-fg,3
singularity,3
p2p,14
truth-bombs,3
newyork,4
retardios,11
generative-art,88
bourbon,11
crypto-staking,7
mcacgallery,2
soz,5
katos-corner,3
node,27
farena,7
jungle-bay,33
dweb,5
genai,5
nft-meta,34
blender,8
superfriends,5
entertainment,2
theblockexp,11
volmex,4
soulsclub,1
synthlords,3
swagcaster,16
xsyop,9
door,4
rareskills,3
intros,78
empiredao,4
frameapes,12
tightclub,14
recruiting,5
sunnys,27
poktnetwork,19
orlando,3
cwsa,2
thealley,29
spaces,4
awb,7
cortex,91
lockedin,4
maple,2
merch,4
a16z,20
bjp,7
parsec,88
solana-dev,117
nikkibottles,1
famousfoxes,6
royal,647
www,23
dao-experiments,45
treasuretree,5
inthearena,2
wuestenigel,14
surfcast,20
self-management,4
degenbox,53
dokdo,10
acab,1
bicycles,2
asmr,3
plus-energy-cast,9
wisdom,1
notsolana,7
karen,1
idea-guys,6
signals,1
heartspotting,9
bonfire,12
onlyfrends,10
flow,21
tv,2
hashgraph,6
teller,16
onchain-research,3
warp-warriors,11
911,5
bonk,42
portland,22
box,8
foodhacks,4
mina,27
decentralised-ai,29
pizza-terms,12
e-acc,8
stakewise,7
bard,25
startup,5
knitting,8
amazonelope,2
bybit,2
vertex,8
noobies,48
satoshismom,22
funnyanimals,21
shop,3
chips,3
dourdarcels,13
colorwerks,8
lors,109
404,15
fuul,15
billsmafia,12
shrooms,1
econ,3
historymemes,6
ozempic,2
proofofworking,6
luxury,4
westchester,3
florida,8
u3,261
worldofwarcraft,3
chimpers,43
crypto-insides,11
stellar,16
assetux,3
fafo,18
wow,8
selfhosted,4
draftkings,3
commonxyz,7
philadelphia,52
galaxy,5
yugioh,8
realifs,5
logicbeach,5
erc-721,13
alphabet,25
play,5
dealflow,81
hellokitty,3
cfo,18
ethsecurity,19
baserunners,406
rats,3
a-rope-of-sand,1
base-trading,15
defrogs,6
3d-printing,6
water,4
okx,2
doggo,9
phylax,3
xrp,20
tally,16
darkhandbook,82
scotch,6
blocktower,23
australia,11
gym,19
mtg,67
delhi,6
cannabis,3
videography,2
heat,6
ghxsts,33
gibble,5
bittrees,11
gamba,4
shitposting,11
saturn,2
odencircle,3
dinner,4
worldschool,2
projectbutterfly,6
giftinghub,1
campnetwork,1
caddi,10
schulkin,1
farside,2
made-history,6
ask,42
beracore,10
flatcoins,7
honest-feedback,259
framekit,157
solana-defi,372
transhumanism,8
clowning,1
garden,9
coaching,41
superchain,4
deals,13
fabuloso,1
union,8
bulgarian,17
retrovn,1
cbxm,17
fire,4
potent-memes,12
standwithcrypto,21
finances,1
lasercutting,3
degenoors,13
ransomkong,1
create,19
botany,7
perkshop,14
str,3
staking,57
talentprotocol,4
flair,7
ape,19
comfyui,948
re,8
anki,7
tubbycats,54
invitecode,6
lorecaster,24
futurism,11
worldengine,17
luminode,5
sirsubox,22
hypergamble,11
trashnfts,9
polynomial,28
futurology,24
dao,29
cryptograntwire,53
sportscards,4
creepy,5
real-world-eth,33
wordpress,13
vrchat,7
taproot,245
good,3
gysr,7
robustgovernance,16
better-money,2
brinkman,54
dude,12
diet-pepsi,3
pokemongo,13
ohbabykartoors,12
jamon,23
villagedao,19
buidl,16
mooncats,22
artonchain,14
lo-fi,9
ocm,11
w,6
automotive,26
self-taught-devs,1
divastaking,13
sports-web3,9
dualipa,82
musick,8
eggwars,3
lending,10
mass-adoption,7
advertising,7
mood,5
factland,6
diagrams,30
divinity,2
blobparty,3
poapswap,4
artisrekt,27
thorchain,2
hentai,55
launch,31
decent,16
oasis,85
tickets,16
positive,6
nexusmutual,7
onlyfrens,4
ultimatebullrun,1
tokenizedloyalty,7
basequest,54
mcdonalds,1
natgeo,5
tribute-labs,5
neuro,6
web,7
ravi,11
litecoin,1
mmss,10
bjj,14
fcast,6
wagmi,13
criptomoedas,66
kleros,17
imaginus,15
phd,1
dragons,21
devin,3
framelo,2622
askfarcaster,29
poem,6
achievement,1
homepages,42
farmsent,4
bitrollup,12
humans,3
bookclub,9
modular-money,41
fellowship,5
oregonfootball,2
neurotech,5
gymmemes,4
community-memory,6
dailywin,1
for-sale,51
couch-heroes,61
allcountry,5
degengineering,11
crypto-airdrops,46
olds,9
porters,3
atxdao,45
floor,21
ghosts,2
ablegamers,3
anon,7
circus,2
fantasy,4
fonts,1
ghost-devs,8
faucet,6
emma,3
listentothis,1
erc-20,11
names,5
fandom,3
sidehustle,3
collabs,21
referrel,1
farsi,16
imadethis,12
playahatersclub,3
onchain-news,9
mints,50
gin,9
phygital,6
nft-zoo,16
svg,18
nfttattoos,24
branding,11
apein,15
uap,17
centralization,9
mushu,5
diamondhands,3
op-workplace,20
porn,7
mandela-effect,11
kanye,13
nfa,2
20d,43
jewelmax,2
gcr,19
abyss,8
cultures,9
zdeno-calls,1
amitheasshole,21
farcaster-index,43
avici,30
lineabuild,23
lobsterdao,16
dj,13
windows,3
abru,5
ethdev,5
cryptocurrency,29
interoperability,6
twitch,7
hack,6
onchainsummer,10
traderjoexyz,18
cougardao,14
four-pillars,7
derp,6
12,4
ethid,25
dolphins,26
illustration,19
everseed,3
wallstreetbets,21
reia,5
microplastics,4
minnesota,7
linkedin,2
bd,53
nvs,3
onlyfans,18
matchbooks,3
hangryanimals,6
mvctrain,9
launchpad,36
yes,10
coin,5
hemule,2
uae,2
uk,7
physics,19
scorpio,1
cryptojobs,60
family,3
influence,16
conlang,2
lakers,4
ciclismo,2
litprotocol,4
bored,3
mortgages,4
sandwhiches,7
devlogs,22
cyberpunk,15
howto,17
nomad-travelers,8
brohackers,3
spl-20,1
bass-fishing,5
alaska,21
unofficial,60
influencers,10
asimov,8
ddt,3
sculpture,9
castiron,3
baselayer,6
nomad,4
veblen,7
wander,15
slds,2
boulder,10
morpheusai,7
naloxone,3
unjumble,105
graviton,5
dwbroodle,9
ocb,6
gadgets-gizmo,2
youngandsick,3
taprootwizards,35
netflix,5
safu,3
starsteading,2
parents,6
audiogalleries,7
flowerpot,5
onchain-analysis,7
cover-art,1
graphtronauts,9
hollywood,5
metacamp,24
vfat-io,8
oamo,16
jake,417
redlion,12
queerai,7
visionpro,6
computer,1
soynfts,10
catgirls,14
cannabisinfused,2
cum,2
harmony,10
league,6
nounsxfarcaster,8
book-clubs,71
rome,13
rucking,1
blokpax,4
bluesky,9
the-league,16
trade4punk,1
reits,3
equties,6
networkcities,10
communication,1
centrifuge,30
holograph,35
nomadicframe,7
cryptonews,23
nathanhead,8
castcircle,148
555,38
asymmetric-info,1
vrexplore,4
connected,1
cryptoticker,20
alec,1
marathi,3
test2,2
run-nyc,28
do-it-scared,23
wildcard,27
ootd,19
lido-wizards,14
clauswilke,46
web3grants,25
da,32
randomideas,3
inversbrah,3
lsdfi,9
futurama,21
decentdao,5
emoji,33
maidsweepers,80
frames-debug,15
oldschoolcool,35
ripple,22
gambling,16
billboard,3
none,14
bridges,8
zig,7
gdpr,5
drifella,1
purplepill,3
fridaynightlight,5
jobsincrypto,31
ar,3
need-to-vent,21
metaversehq,1
wrestling,2
awsb,86
loadout,1
bodoggos,5
deepblack,23
tucson,3
anti,11
coimbatore,23
todayyearsold,5
kits,34
warhammer,9
karate,3
rss3,12
affirmations,16
roblox,6
journal,5
24hoa,26
streams,5
silver,1
convergebot,1
picklethumbs,2
home-repairs,7
omnichain,2
mahjong,8
interesting,5
forex,18
sasquatch,12
quantum-cats,14
wtf,5
hobbies,2
allincrypto,2
ariina,3
fight-club,1
chainvine,8
brightid,12
new,4
grokcaster,844
whitepapers,16
ikigai,21
8liens,10
ambassadors,9
omb,2
open-source-ai,39
april,6
gamble,1
utilify,2
qdau,6
msweb3,5
fluent,16
feeder,7
aave,32
inuali,2
monaverse,9
getmotivated,8
fuzzing,2
ethmonterrey,8
erogirls,11
brunch,3
tacobell,25
ultra,24
web3games,19
skystrife,9
gmfrens,3
findfollowers,89
onchain-data,14
afro,22
moon,182
adim,22
curated,6
apes,27
rmrk,14
drop,11
legendary,1
fundraisers,5
juliasky,2
artisdead,18
phantomwallet,14
arab,5
hogwarts,4
livestreaming,7
dosi,1
broncos,15
mindmaps,2
hire-devs,22
building-crypto,29
curious-quests,2
crc-20,2
digital-nomads,4
gme,19
domaininvesting,6
general,4
coinage,8
collectcast,7
meld,9
dialect,26
teamright,56
70s,7
toki-pona,10
opencast,192
crosschain,49
bolivia,2
dada,29
pastry,1
nads,41
dcl,20
reels,38
g0v,35
udao,24
eva,2
batman,9
redrum,9
nounsdenver,333
brg,16
defigirls,29
tradfigoinggreat,4
suave,27
metamask-snaps,15
theframegames,276
refcell,8
opensea,5
cook,13
gfm,4
multiplayer,2
built-by-mom,12
wwe,2
famous-quotes,1
1what,6
nodes,1
axiodex,9
spot,11
lisk,11
bbq,2
polaroid,13
festivals,9
ai-tips-art,8
drtc,72
mintnotes,342
harrypotter,8
wealth,5
spamcast,2
studioyorktown,32
moneyclubs,7
game-theory,104
pictures,3
product-feedback,88
liveandearn,1
stargaze,12
hardart,4
stanford,36
metatrail,13
tokenbound,5
bigvibes,5
suns,5
suinami-riders,67
asoiaf,2
blast,38
red,454
fightclub,1
sneakerheads,1
ironfish,4
cryptoassets,20
0ptima-protocol,4
rehab,7
indianart,1
dapps,9
cryptoclarity,4
degencoholics,7
madlads,9
farcasts,2
pixelglyphs,131
wodehouse,1
huskers,4
niftynoon,25
nounsacademy,7
onchaintreasury,8
everydays,34
used-cars,2
macroverse,5
tether,3
dyor,11
blossom,21
streetfood,5
regenlearnings,56
rio,5
options,4
geocaching,10
machinelearning,6
fitness-gadgets,26
snoopy,2
defisaver,10
colour,31
sfoxzo,17
meowyonchain,20
murph,2
chairs,7
jobstash,169
tits,11
domaines,2
gujarati,7
propaganda,47
osho,2
baldwifhat,11
roam,40
legaltech,9
raredisease,1
cityoftoronto,3
imusic,4
layer2,51
monopolygo,4
888,5
rpc,9
vietnam,6
rollups,27
hindi,11
ethg-ny,399
bithumb,2
ethereans,19
furniture,32
balls,2
walktoids,4
epochal-times,8
feet,1
saudi,1
chicagobears,4
juicer,7
1099-da,3
chainflip,46
buy,3
private,20
pastelalpha,33
glitchartgallery,4
artjournal,5
cryptocubes,31
audio,4
iama,1
crypto-events,6
web3community,21
opium,23
dria,14
lmfao,12
tough-love,1
yield-farming,22
vitalia,8
1x,169
punkholders,10
vitalik,9
summer,29
hackers,74
chewin,1
pangea,38
bassmusic,6
pixelartists,24
autists,5
trickortreat,2
bullcity,9
no-dum-questions,3
lookout,33
is,10
gbv,13
worldcup,5
of,3
arenaton,5
niccagewaluelmo,5
smol,76
wsb,32
chromehearts,1
finnmccool,2
web3design,17
yugagaming,10
messi,6
purple-alpha,21
david,18
earthporn,2
natural,6
narrative,3
blockravers,30
lilypad,52
leverage,11
drophats,5
rugs-to-riches,19
pouw,2
voice,7
pillpartynft,9
q,9
sailing,17
holidays,1
a,21
streetwear,3
dataisbeautiful,5
pepsi,2
wallet-security,11
questions,2
ballsack,5
retrodrops,68
prerich,34
the-new-future,37
audit,4
green,3
v,1
iixii,28
revolution,1
zoomer,3
ethers,40
magnleesium,2
daovertise,3
solcast,10
kazetairdrop,5
farmersdao,7
jpmorgan,10
jonny-fiat-squat,1
istanbul,6
l,2
thread,4
tim,17
payments,18
handles,170
liquidcollective,1
github,13
axe,2
3dart,12
trx,4
chainhound,4
hypereon,1
erc-3643,7
domain,17
miami-beach,5
dadventures,9
yellowguy,4
deeznuts,82
mattdao,3
cryptoundeads,25
superbowl-lviii,415
chedar,2
off-the-grid,46
burn,4
freeairdrops,125
red-bull,715
stadium,192
cryptolaw,76
eigen-stack,14
ye,22
mmrps,65
homerow,12
warpfairy,3
rumors,2
contractreader,148
trendies,3
bangersonly,6
changemyview,2
noblegallery,4
nihonto,51
latina,19
cheeze,5
infinitetrading,2
madlassies,1
hareai,6
virtualreality,3
lux,12
moonbase,13
hot-sauce,1
rv,3
tejitopia,2
pond,2
xeenon,5
metadao,3
thezoo,4
halving,22
airdrop-dao,17
tillbullrun,1
apollo,64
career-switch,2
whodey,25
kraken,10
balkancrypto,39
onchaingaming,9
sgcrypto,71
cmyk,16
rekt,39
farogs,17
hedgey,30
balenciaga,6
raves-nyc,4
voloshchuk,1
selfimprovement,4
dappslap,6
seiyan,34
jolene,7
stvdionouveau,7
norm-jokes,19
revnet,10
claynosaurz,5
playlists,4
uzbekistan,4
bmi,12
publicdomain,9
arabicdomains,2
yugalabs,6
mezcal,16
indycar,1
etherpillar,68
vacation,4
superiorcrypto,20
nftcc,24
goats,3
perks,13
filmclub,36
gyaanbatna,1
hats,41
keto,9
sappyseals,66
dickbutts,12
genshin-impact,4
l2,48
iconomorphs,3
salvino,24
luxury-cars,8
ontheothersite,19
cisalpha,12
dutch,14
nonon,13
kettlebell,3
alexander,3
mit,22
alfalfa,43
gigachad,2
intothebytecode,108
smart-home,35
thebodega,25
brooklyn,9
geode-finance,5
nodekit,39
cryptosquare,5
seicaster,51
sugarcane,9
chat,6
mockjup,5
fancontrolled,3
freemint,34
onlyfanz,1
adventure,6
criptomonedas,3
playstation,2
achians,6
internet,9
derage,12
cinnamon,1
trance,7
777,12
bodybuilding,3
meta,9
leonard,6
airdrop-alert,2
ponzis,3
spidersense,27
block9,4
leapnovel,2
think,7
sound,2
farpotion,31
minecaster,11
sales,67
nourcastle,4
hartford,4
tickertalk,1
discovery,1
basecraft404,30
learning,9
afrodancehall,2
opus,30
drawtech,74
crypto-asia,33
mtvrs,2
nobody,22
jpeg,6
askcaster,16
quant,19
careers,16
bd3,31
badminton,3
cryptomarket,21
paygrid,16
agorism,19
oppositeangles,1
spire,9
eips,7
bangalore,10
hopiumzone,5
scratchpad,11
i-land,16
agava-crypto,5
pinetwork,4
23andme-dao,9
sydney,6
troupe,30
nigeria,12
worldnews,12
